{"cameraMode":{"drawMode":0,"name":"Shaded","section":"Shading Mode"},"sceneLighting":false,"audioPlay":false,"sceneViewState":{"showFog":true,"showMaterialUpdate":false,"showSkybox":false,"showFlares":true,"showImageEffects":true,"showParticleSystems":true},"in2DMode":false,"pivot":{"x":5.208446025848389,"y":2.4991087913513185,"z":5.51983118057251},"rotation":{"x":0.0987524762749672,"y":-0.7375193238258362,"z":0.11060579121112824,"w":0.6589967608451843},"size":8.238875389099121,"orthographic":true}